"fusion_mode","n_active","true_active","false_active","precision","recall","fdr","top50_true","top50_precision"
"early",12.9,12.1,0.8,0.944583333333333,0.403333333333333,0.0554166666666667,20.8,0.416
"intermediate",5.2,4.9,0.3,0.958928571428571,0.163333333333333,0.0410714285714286,15,0.3
"late",9,8.6,0.4,0.960707070707071,0.286666666666667,0.0392929292929293,18.7,0.374
