"omics","mediator","a","p_a","q_a","b","p_b","selected_by_screen","selected_by_sis","score","abs_score","joint_p_ab","p_primary","q_primary_within_view","q_primary","p_primary_model_based","q_primary_global"
"species","GGB9635_SGB15106|t__SGB15106",0.762048331371,0.0199121696133965,0.477206380323382,16.7109211229004,8.1140993035529e-05,TRUE,TRUE,12.7345295573786,12.7345295573786,0.0199121696133965,0.0199121696133965,0.0199121696133965,0.0199121696133965,0.0199121696133965,0.0199121696133965
"species","Anaerosacchariphilus_sp_NSJ_68|t__SGB4772",0.956776237936487,0.0027068761952059,0.202177537011835,-1.09902948178553,0.0055933417145928,TRUE,TRUE,-1.05152529296404,1.05152529296404,0.0055933417145928,0.0055933417145928,0.0111866834291856,0.0111866834291856,0.0055933417145928,0.0111866834291856
